statistics_code;statistics_label;time_code;time_label;time;1_variable_code;1_variable_label;1_variable_attribute_code;1_variable_attribute_label;2_variable_code;2_variable_label;2_variable_attribute_code;2_variable_attribute_label;3_variable_code;3_variable_label;3_variable_attribute_code;3_variable_attribute_label;value;value_unit;value_variable_code;value_variable_label;value_q
61243;Durchschnittspreise für Strom und Gas;JAHR;Jahr;2021;DINSG;Deutschland insgesamt;DG;Deutschland;PREKO1;Preisbestandteile;KOS-NETZ;Netzkosten;VBRST1;Strom-Jahresverbrauchsklassen Haushalte;HH-STR-DE;15 000 KWh und mehr;0,0487;EUR/kWh;PRE060;Strompreise für Haushalte;e
61243;Durchschnittspreise für Strom und Gas;JAHR;Jahr;2022;DINSG;Deutschland insgesamt;DG;Deutschland;PREKO1;Preisbestandteile;STR-ABG-UML;Steuern, Abgaben und Umlagen;VBRST1;Strom-Jahresverbrauchsklassen Haushalte;HH-STR-DA;unter 1 000 KWh;0,1481;EUR/kWh;PRE060;Strompreise für Haushalte;e
61243;Durchschnittspreise für Strom und Gas;JAHR;Jahr;2020;DINSG;Deutschland insgesamt;DG;Deutschland;PREKO1;Preisbestandteile;STR-ABG-UML;Steuern, Abgaben und Umlagen;VBRST1;Strom-Jahresverbrauchsklassen Haushalte;;Insgesamt;0,1608;EUR/kWh;PRE060;Strompreise für Haushalte;e
61243;Durchschnittspreise für Strom und Gas;JAHR;Jahr;2024;DINSG;Deutschland insgesamt;DG;Deutschland;PREKO1;Preisbestandteile;KOS-NETZ;Netzkosten;VBRST1;Strom-Jahresverbrauchsklassen Haushalte;;Insgesamt;0,1217;EUR/kWh;PRE060;Strompreise für Haushalte;e
61243;Durchschnittspreise für Strom und Gas;JAHR;Jahr;2021;DINSG;Deutschland insgesamt;DG;Deutschland;PREKO1;Preisbestandteile;KOS-NETZ;Netzkosten;VBRST1;Strom-Jahresverbrauchsklassen Haushalte;HH-STR-DA;unter 1 000 KWh;0,1574;EUR/kWh;PRE060;Strompreise für Haushalte;e
61243;Durchschnittspreise für Strom und Gas;JAHR;Jahr;2019;DINSG;Deutschland insgesamt;DG;Deutschland;PREKO1;Preisbestandteile;KOS-NETZ;Netzkosten;VBRST1;Strom-Jahresverbrauchsklassen Haushalte;HH-STR-DD;5 000 bis unter 15 000 KWh;0,0592;EUR/kWh;PRE060;Strompreise für Haushalte;e
61243;Durchschnittspreise für Strom und Gas;JAHR;Jahr;2019;DINSG;Deutschland insgesamt;DG;Deutschland;PREKO1;Preisbestandteile;ENR-VTB;Energie und Vertrieb;VBRST1;Strom-Jahresverbrauchsklassen Haushalte;;Insgesamt;0,0617;EUR/kWh;PRE060;Strompreise für Haushalte;e
61243;Durchschnittspreise für Strom und Gas;JAHR;Jahr;2020;DINSG;Deutschland insgesamt;DG;Deutschland;PREKO1;Preisbestandteile;KOS-NETZ;Netzkosten;VBRST1;Strom-Jahresverbrauchsklassen Haushalte;HH-STR-DC;2 500 bis unter 5 000 KWh;0,0864;EUR/kWh;PRE060;Strompreise für Haushalte;e
61243;Durchschnittspreise für Strom und Gas;JAHR;Jahr;2022;DINSG;Deutschland insgesamt;DG;Deutschland;PREKO1;Preisbestandteile;ENR-VTB;Energie und Vertrieb;VBRST1;Strom-Jahresverbrauchsklassen Haushalte;;Insgesamt;0,1345;EUR/kWh;PRE060;Strompreise für Haushalte;e
61243;Durchschnittspreise für Strom und Gas;JAHR;Jahr;2021;DINSG;Deutschland insgesamt;DG;Deutschland;PREKO1;Preisbestandteile;STR-ABG-UML;Steuern, Abgaben und Umlagen;VBRST1;Strom-Jahresverbrauchsklassen Haushalte;;Insgesamt;0,1639;EUR/kWh;PRE060;Strompreise für Haushalte;e
61243;Durchschnittspreise für Strom und Gas;JAHR;Jahr;2019;DINSG;Deutschland insgesamt;DG;Deutschland;PREKO1;Preisbestandteile;STR-ABG-UML;Steuern, Abgaben und Umlagen;VBRST1;Strom-Jahresverbrauchsklassen Haushalte;HH-STR-DC;2 500 bis unter 5 000 KWh;0,1556;EUR/kWh;PRE060;Strompreise für Haushalte;e
61243;Durchschnittspreise für Strom und Gas;JAHR;Jahr;2021;DINSG;Deutschland insgesamt;DG;Deutschland;PREKO1;Preisbestandteile;ENR-VTB;Energie und Vertrieb;VBRST1;Strom-Jahresverbrauchsklassen Haushalte;HH-STR-DD;5 000 bis unter 15 000 KWh;0,0735;EUR/kWh;PRE060;Strompreise für Haushalte;e
61243;Durchschnittspreise für Strom und Gas;JAHR;Jahr;2024;DINSG;Deutschland insgesamt;DG;Deutschland;PREKO1;Preisbestandteile;KOS-NETZ;Netzkosten;VBRST1;Strom-Jahresverbrauchsklassen Haushalte;HH-STR-DC;2 500 bis unter 5 000 KWh;0,1147;EUR/kWh;PRE060;Strompreise für Haushalte;e
61243;Durchschnittspreise für Strom und Gas;JAHR;Jahr;2022;DINSG;Deutschland insgesamt;DG;Deutschland;PREKO1;Preisbestandteile;ENR-VTB;Energie und Vertrieb;VBRST1;Strom-Jahresverbrauchsklassen Haushalte;HH-STR-DB;1 000 bis unter 2 500 KWh;0,1435;EUR/kWh;PRE060;Strompreise für Haushalte;e
61243;Durchschnittspreise für Strom und Gas;JAHR;Jahr;2019;DINSG;Deutschland insgesamt;DG;Deutschland;PREKO1;Preisbestandteile;KOS-NETZ;Netzkosten;VBRST1;Strom-Jahresverbrauchsklassen Haushalte;;Insgesamt;0,0804;EUR/kWh;PRE060;Strompreise für Haushalte;e
61243;Durchschnittspreise für Strom und Gas;JAHR;Jahr;2019;DINSG;Deutschland insgesamt;DG;Deutschland;PREKO1;Preisbestandteile;ENR-VTB;Energie und Vertrieb;VBRST1;Strom-Jahresverbrauchsklassen Haushalte;HH-STR-DC;2 500 bis unter 5 000 KWh;0,0581;EUR/kWh;PRE060;Strompreise für Haushalte;e
61243;Durchschnittspreise für Strom und Gas;JAHR;Jahr;2023;DINSG;Deutschland insgesamt;DG;Deutschland;PREKO1;Preisbestandteile;ENR-VTB;Energie und Vertrieb;VBRST1;Strom-Jahresverbrauchsklassen Haushalte;HH-STR-DD;5 000 bis unter 15 000 KWh;0,1993;EUR/kWh;PRE060;Strompreise für Haushalte;e
61243;Durchschnittspreise für Strom und Gas;JAHR;Jahr;2024;DINSG;Deutschland insgesamt;DG;Deutschland;PREKO1;Preisbestandteile;ENR-VTB;Energie und Vertrieb;VBRST1;Strom-Jahresverbrauchsklassen Haushalte;HH-STR-DB;1 000 bis unter 2 500 KWh;0,1806;EUR/kWh;PRE060;Strompreise für Haushalte;e
61243;Durchschnittspreise für Strom und Gas;JAHR;Jahr;2024;DINSG;Deutschland insgesamt;DG;Deutschland;PREKO1;Preisbestandteile;STR-ABG-UML;Steuern, Abgaben und Umlagen;VBRST1;Strom-Jahresverbrauchsklassen Haushalte;HH-STR-DC;2 500 bis unter 5 000 KWh;0,1147;EUR/kWh;PRE060;Strompreise für Haushalte;e
61243;Durchschnittspreise für Strom und Gas;JAHR;Jahr;2022;DINSG;Deutschland insgesamt;DG;Deutschland;PREKO1;Preisbestandteile;KOS-NETZ;Netzkosten;VBRST1;Strom-Jahresverbrauchsklassen Haushalte;HH-STR-DC;2 500 bis unter 5 000 KWh;0,0804;EUR/kWh;PRE060;Strompreise für Haushalte;e
61243;Durchschnittspreise für Strom und Gas;JAHR;Jahr;2020;DINSG;Deutschland insgesamt;DG;Deutschland;PREKO1;Preisbestandteile;STR-ABG-UML;Steuern, Abgaben und Umlagen;VBRST1;Strom-Jahresverbrauchsklassen Haushalte;HH-STR-DC;2 500 bis unter 5 000 KWh;0,1589;EUR/kWh;PRE060;Strompreise für Haushalte;e
61243;Durchschnittspreise für Strom und Gas;JAHR;Jahr;2020;DINSG;Deutschland insgesamt;DG;Deutschland;PREKO1;Preisbestandteile;ENR-VTB;Energie und Vertrieb;VBRST1;Strom-Jahresverbrauchsklassen Haushalte;HH-STR-DB;1 000 bis unter 2 500 KWh;0,0742;EUR/kWh;PRE060;Strompreise für Haushalte;e
61243;Durchschnittspreise für Strom und Gas;JAHR;Jahr;2021;DINSG;Deutschland insgesamt;DG;Deutschland;PREKO1;Preisbestandteile;STR-ABG-UML;Steuern, Abgaben und Umlagen;VBRST1;Strom-Jahresverbrauchsklassen Haushalte;HH-STR-DB;1 000 bis unter 2 500 KWh;0,1705;EUR/kWh;PRE060;Strompreise für Haushalte;e
61243;Durchschnittspreise für Strom und Gas;JAHR;Jahr;2023;DINSG;Deutschland insgesamt;DG;Deutschland;PREKO1;Preisbestandteile;STR-ABG-UML;Steuern, Abgaben und Umlagen;VBRST1;Strom-Jahresverbrauchsklassen Haushalte;HH-STR-DD;5 000 bis unter 15 000 KWh;0,1076;EUR/kWh;PRE060;Strompreise für Haushalte;e
61243;Durchschnittspreise für Strom und Gas;JAHR;Jahr;2022;DINSG;Deutschland insgesamt;DG;Deutschland;PREKO1;Preisbestandteile;STR-ABG-UML;Steuern, Abgaben und Umlagen;VBRST1;Strom-Jahresverbrauchsklassen Haushalte;HH-STR-DE;15 000 KWh und mehr;0,1091;EUR/kWh;PRE060;Strompreise für Haushalte;e
61243;Durchschnittspreise für Strom und Gas;JAHR;Jahr;2023;DINSG;Deutschland insgesamt;DG;Deutschland;PREKO1;Preisbestandteile;KOS-NETZ;Netzkosten;VBRST1;Strom-Jahresverbrauchsklassen Haushalte;HH-STR-DD;5 000 bis unter 15 000 KWh;0,0742;EUR/kWh;PRE060;Strompreise für Haushalte;e
61243;Durchschnittspreise für Strom und Gas;JAHR;Jahr;2022;DINSG;Deutschland insgesamt;DG;Deutschland;PREKO1;Preisbestandteile;STR-ABG-UML;Steuern, Abgaben und Umlagen;VBRST1;Strom-Jahresverbrauchsklassen Haushalte;;Insgesamt;0,1223;EUR/kWh;PRE060;Strompreise für Haushalte;e
61243;Durchschnittspreise für Strom und Gas;JAHR;Jahr;2021;DINSG;Deutschland insgesamt;DG;Deutschland;PREKO1;Preisbestandteile;KOS-NETZ;Netzkosten;VBRST1;Strom-Jahresverbrauchsklassen Haushalte;HH-STR-DB;1 000 bis unter 2 500 KWh;0,0937;EUR/kWh;PRE060;Strompreise für Haushalte;e
61243;Durchschnittspreise für Strom und Gas;JAHR;Jahr;2021;DINSG;Deutschland insgesamt;DG;Deutschland;PREKO1;Preisbestandteile;STR-ABG-UML;Steuern, Abgaben und Umlagen;VBRST1;Strom-Jahresverbrauchsklassen Haushalte;HH-STR-DE;15 000 KWh und mehr;0,146;EUR/kWh;PRE060;Strompreise für Haushalte;e
61243;Durchschnittspreise für Strom und Gas;JAHR;Jahr;2019;DINSG;Deutschland insgesamt;DG;Deutschland;PREKO1;Preisbestandteile;STR-ABG-UML;Steuern, Abgaben und Umlagen;VBRST1;Strom-Jahresverbrauchsklassen Haushalte;;Insgesamt;0,1571;EUR/kWh;PRE060;Strompreise für Haushalte;e
61243;Durchschnittspreise für Strom und Gas;JAHR;Jahr;2019;DINSG;Deutschland insgesamt;DG;Deutschland;PREKO1;Preisbestandteile;KOS-NETZ;Netzkosten;VBRST1;Strom-Jahresverbrauchsklassen Haushalte;HH-STR-DC;2 500 bis unter 5 000 KWh;0,074;EUR/kWh;PRE060;Strompreise für Haushalte;e
61243;Durchschnittspreise für Strom und Gas;JAHR;Jahr;2023;DINSG;Deutschland insgesamt;DG;Deutschland;PREKO1;Preisbestandteile;KOS-NETZ;Netzkosten;VBRST1;Strom-Jahresverbrauchsklassen Haushalte;;Insgesamt;0,0978;EUR/kWh;PRE060;Strompreise für Haushalte;e
61243;Durchschnittspreise für Strom und Gas;JAHR;Jahr;2020;DINSG;Deutschland insgesamt;DG;Deutschland;PREKO1;Preisbestandteile;KOS-NETZ;Netzkosten;VBRST1;Strom-Jahresverbrauchsklassen Haushalte;HH-STR-DB;1 000 bis unter 2 500 KWh;0,0992;EUR/kWh;PRE060;Strompreise für Haushalte;e
61243;Durchschnittspreise für Strom und Gas;JAHR;Jahr;2021;DINSG;Deutschland insgesamt;DG;Deutschland;PREKO1;Preisbestandteile;ENR-VTB;Energie und Vertrieb;VBRST1;Strom-Jahresverbrauchsklassen Haushalte;;Insgesamt;0,0824;EUR/kWh;PRE060;Strompreise für Haushalte;e
61243;Durchschnittspreise für Strom und Gas;JAHR;Jahr;2023;DINSG;Deutschland insgesamt;DG;Deutschland;PREKO1;Preisbestandteile;STR-ABG-UML;Steuern, Abgaben und Umlagen;VBRST1;Strom-Jahresverbrauchsklassen Haushalte;;Insgesamt;0,1161;EUR/kWh;PRE060;Strompreise für Haushalte;e
61243;Durchschnittspreise für Strom und Gas;JAHR;Jahr;2024;DINSG;Deutschland insgesamt;DG;Deutschland;PREKO1;Preisbestandteile;ENR-VTB;Energie und Vertrieb;VBRST1;Strom-Jahresverbrauchsklassen Haushalte;;Insgesamt;0,1724;EUR/kWh;PRE060;Strompreise für Haushalte;e
61243;Durchschnittspreise für Strom und Gas;JAHR;Jahr;2019;DINSG;Deutschland insgesamt;DG;Deutschland;PREKO1;Preisbestandteile;STR-ABG-UML;Steuern, Abgaben und Umlagen;VBRST1;Strom-Jahresverbrauchsklassen Haushalte;HH-STR-DB;1 000 bis unter 2 500 KWh;0,1622;EUR/kWh;PRE060;Strompreise für Haushalte;e
61243;Durchschnittspreise für Strom und Gas;JAHR;Jahr;2020;DINSG;Deutschland insgesamt;DG;Deutschland;PREKO1;Preisbestandteile;ENR-VTB;Energie und Vertrieb;VBRST1;Strom-Jahresverbrauchsklassen Haushalte;HH-STR-DE;15 000 KWh und mehr;0,0502;EUR/kWh;PRE060;Strompreise für Haushalte;e
61243;Durchschnittspreise für Strom und Gas;JAHR;Jahr;2024;DINSG;Deutschland insgesamt;DG;Deutschland;PREKO1;Preisbestandteile;ENR-VTB;Energie und Vertrieb;VBRST1;Strom-Jahresverbrauchsklassen Haushalte;HH-STR-DE;15 000 KWh und mehr;0,1554;EUR/kWh;PRE060;Strompreise für Haushalte;e
61243;Durchschnittspreise für Strom und Gas;JAHR;Jahr;2022;DINSG;Deutschland insgesamt;DG;Deutschland;PREKO1;Preisbestandteile;ENR-VTB;Energie und Vertrieb;VBRST1;Strom-Jahresverbrauchsklassen Haushalte;HH-STR-DA;unter 1 000 KWh;0,1846;EUR/kWh;PRE060;Strompreise für Haushalte;e
61243;Durchschnittspreise für Strom und Gas;JAHR;Jahr;2023;DINSG;Deutschland insgesamt;DG;Deutschland;PREKO1;Preisbestandteile;ENR-VTB;Energie und Vertrieb;VBRST1;Strom-Jahresverbrauchsklassen Haushalte;HH-STR-DA;unter 1 000 KWh;0,2516;EUR/kWh;PRE060;Strompreise für Haushalte;e
61243;Durchschnittspreise für Strom und Gas;JAHR;Jahr;2021;DINSG;Deutschland insgesamt;DG;Deutschland;PREKO1;Preisbestandteile;ENR-VTB;Energie und Vertrieb;VBRST1;Strom-Jahresverbrauchsklassen Haushalte;HH-STR-DE;15 000 KWh und mehr;0,0582;EUR/kWh;PRE060;Strompreise für Haushalte;e
61243;Durchschnittspreise für Strom und Gas;JAHR;Jahr;2024;DINSG;Deutschland insgesamt;DG;Deutschland;PREKO1;Preisbestandteile;KOS-NETZ;Netzkosten;VBRST1;Strom-Jahresverbrauchsklassen Haushalte;HH-STR-DB;1 000 bis unter 2 500 KWh;0,1383;EUR/kWh;PRE060;Strompreise für Haushalte;e
61243;Durchschnittspreise für Strom und Gas;JAHR;Jahr;2019;DINSG;Deutschland insgesamt;DG;Deutschland;PREKO1;Preisbestandteile;ENR-VTB;Energie und Vertrieb;VBRST1;Strom-Jahresverbrauchsklassen Haushalte;HH-STR-DD;5 000 bis unter 15 000 KWh;0,0547;EUR/kWh;PRE060;Strompreise für Haushalte;e
61243;Durchschnittspreise für Strom und Gas;JAHR;Jahr;2024;DINSG;Deutschland insgesamt;DG;Deutschland;PREKO1;Preisbestandteile;ENR-VTB;Energie und Vertrieb;VBRST1;Strom-Jahresverbrauchsklassen Haushalte;HH-STR-DA;unter 1 000 KWh;0,2153;EUR/kWh;PRE060;Strompreise für Haushalte;e
61243;Durchschnittspreise für Strom und Gas;JAHR;Jahr;2023;DINSG;Deutschland insgesamt;DG;Deutschland;PREKO1;Preisbestandteile;ENR-VTB;Energie und Vertrieb;VBRST1;Strom-Jahresverbrauchsklassen Haushalte;HH-STR-DE;15 000 KWh und mehr;0,1911;EUR/kWh;PRE060;Strompreise für Haushalte;e
61243;Durchschnittspreise für Strom und Gas;JAHR;Jahr;2022;DINSG;Deutschland insgesamt;DG;Deutschland;PREKO1;Preisbestandteile;ENR-VTB;Energie und Vertrieb;VBRST1;Strom-Jahresverbrauchsklassen Haushalte;HH-STR-DE;15 000 KWh und mehr;0,1177;EUR/kWh;PRE060;Strompreise für Haushalte;e
61243;Durchschnittspreise für Strom und Gas;JAHR;Jahr;2021;DINSG;Deutschland insgesamt;DG;Deutschland;PREKO1;Preisbestandteile;KOS-NETZ;Netzkosten;VBRST1;Strom-Jahresverbrauchsklassen Haushalte;;Insgesamt;0,0811;EUR/kWh;PRE060;Strompreise für Haushalte;e
61243;Durchschnittspreise für Strom und Gas;JAHR;Jahr;2024;DINSG;Deutschland insgesamt;DG;Deutschland;PREKO1;Preisbestandteile;STR-ABG-UML;Steuern, Abgaben und Umlagen;VBRST1;Strom-Jahresverbrauchsklassen Haushalte;HH-STR-DB;1 000 bis unter 2 500 KWh;0,1241;EUR/kWh;PRE060;Strompreise für Haushalte;e
61243;Durchschnittspreise für Strom und Gas;JAHR;Jahr;2020;DINSG;Deutschland insgesamt;DG;Deutschland;PREKO1;Preisbestandteile;STR-ABG-UML;Steuern, Abgaben und Umlagen;VBRST1;Strom-Jahresverbrauchsklassen Haushalte;HH-STR-DB;1 000 bis unter 2 500 KWh;0,1659;EUR/kWh;PRE060;Strompreise für Haushalte;e
61243;Durchschnittspreise für Strom und Gas;JAHR;Jahr;2022;DINSG;Deutschland insgesamt;DG;Deutschland;PREKO1;Preisbestandteile;KOS-NETZ;Netzkosten;VBRST1;Strom-Jahresverbrauchsklassen Haushalte;HH-STR-DD;5 000 bis unter 15 000 KWh;0,0656;EUR/kWh;PRE060;Strompreise für Haushalte;e
61243;Durchschnittspreise für Strom und Gas;JAHR;Jahr;2021;DINSG;Deutschland insgesamt;DG;Deutschland;PREKO1;Preisbestandteile;ENR-VTB;Energie und Vertrieb;VBRST1;Strom-Jahresverbrauchsklassen Haushalte;HH-STR-DA;unter 1 000 KWh;0,121;EUR/kWh;PRE060;Strompreise für Haushalte;e
61243;Durchschnittspreise für Strom und Gas;JAHR;Jahr;2020;DINSG;Deutschland insgesamt;DG;Deutschland;PREKO1;Preisbestandteile;ENR-VTB;Energie und Vertrieb;VBRST1;Strom-Jahresverbrauchsklassen Haushalte;HH-STR-DA;unter 1 000 KWh;0,1213;EUR/kWh;PRE060;Strompreise für Haushalte;e
61243;Durchschnittspreise für Strom und Gas;JAHR;Jahr;2021;DINSG;Deutschland insgesamt;DG;Deutschland;PREKO1;Preisbestandteile;STR-ABG-UML;Steuern, Abgaben und Umlagen;VBRST1;Strom-Jahresverbrauchsklassen Haushalte;HH-STR-DA;unter 1 000 KWh;0,1891;EUR/kWh;PRE060;Strompreise für Haushalte;e
61243;Durchschnittspreise für Strom und Gas;JAHR;Jahr;2023;DINSG;Deutschland insgesamt;DG;Deutschland;PREKO1;Preisbestandteile;KOS-NETZ;Netzkosten;VBRST1;Strom-Jahresverbrauchsklassen Haushalte;HH-STR-DE;15 000 KWh und mehr;0,0559;EUR/kWh;PRE060;Strompreise für Haushalte;e
61243;Durchschnittspreise für Strom und Gas;JAHR;Jahr;2023;DINSG;Deutschland insgesamt;DG;Deutschland;PREKO1;Preisbestandteile;STR-ABG-UML;Steuern, Abgaben und Umlagen;VBRST1;Strom-Jahresverbrauchsklassen Haushalte;HH-STR-DC;2 500 bis unter 5 000 KWh;0,1145;EUR/kWh;PRE060;Strompreise für Haushalte;e
61243;Durchschnittspreise für Strom und Gas;JAHR;Jahr;2022;DINSG;Deutschland insgesamt;DG;Deutschland;PREKO1;Preisbestandteile;STR-ABG-UML;Steuern, Abgaben und Umlagen;VBRST1;Strom-Jahresverbrauchsklassen Haushalte;HH-STR-DD;5 000 bis unter 15 000 KWh;0,1146;EUR/kWh;PRE060;Strompreise für Haushalte;e
61243;Durchschnittspreise für Strom und Gas;JAHR;Jahr;2023;DINSG;Deutschland insgesamt;DG;Deutschland;PREKO1;Preisbestandteile;KOS-NETZ;Netzkosten;VBRST1;Strom-Jahresverbrauchsklassen Haushalte;HH-STR-DA;unter 1 000 KWh;0,1804;EUR/kWh;PRE060;Strompreise für Haushalte;e
61243;Durchschnittspreise für Strom und Gas;JAHR;Jahr;2021;DINSG;Deutschland insgesamt;DG;Deutschland;PREKO1;Preisbestandteile;KOS-NETZ;Netzkosten;VBRST1;Strom-Jahresverbrauchsklassen Haushalte;HH-STR-DC;2 500 bis unter 5 000 KWh;0,0776;EUR/kWh;PRE060;Strompreise für Haushalte;e
61243;Durchschnittspreise für Strom und Gas;JAHR;Jahr;2023;DINSG;Deutschland insgesamt;DG;Deutschland;PREKO1;Preisbestandteile;ENR-VTB;Energie und Vertrieb;VBRST1;Strom-Jahresverbrauchsklassen Haushalte;;Insgesamt;0,2063;EUR/kWh;PRE060;Strompreise für Haushalte;e
61243;Durchschnittspreise für Strom und Gas;JAHR;Jahr;2021;DINSG;Deutschland insgesamt;DG;Deutschland;PREKO1;Preisbestandteile;STR-ABG-UML;Steuern, Abgaben und Umlagen;VBRST1;Strom-Jahresverbrauchsklassen Haushalte;HH-STR-DD;5 000 bis unter 15 000 KWh;0,1566;EUR/kWh;PRE060;Strompreise für Haushalte;e
61243;Durchschnittspreise für Strom und Gas;JAHR;Jahr;2020;DINSG;Deutschland insgesamt;DG;Deutschland;PREKO1;Preisbestandteile;STR-ABG-UML;Steuern, Abgaben und Umlagen;VBRST1;Strom-Jahresverbrauchsklassen Haushalte;HH-STR-DE;15 000 KWh und mehr;0,1472;EUR/kWh;PRE060;Strompreise für Haushalte;e
61243;Durchschnittspreise für Strom und Gas;JAHR;Jahr;2019;DINSG;Deutschland insgesamt;DG;Deutschland;PREKO1;Preisbestandteile;KOS-NETZ;Netzkosten;VBRST1;Strom-Jahresverbrauchsklassen Haushalte;HH-STR-DB;1 000 bis unter 2 500 KWh;0,0938;EUR/kWh;PRE060;Strompreise für Haushalte;e
61243;Durchschnittspreise für Strom und Gas;JAHR;Jahr;2022;DINSG;Deutschland insgesamt;DG;Deutschland;PREKO1;Preisbestandteile;KOS-NETZ;Netzkosten;VBRST1;Strom-Jahresverbrauchsklassen Haushalte;;Insgesamt;0,0853;EUR/kWh;PRE060;Strompreise für Haushalte;e
61243;Durchschnittspreise für Strom und Gas;JAHR;Jahr;2020;DINSG;Deutschland insgesamt;DG;Deutschland;PREKO1;Preisbestandteile;KOS-NETZ;Netzkosten;VBRST1;Strom-Jahresverbrauchsklassen Haushalte;HH-STR-DA;unter 1 000 KWh;0,1546;EUR/kWh;PRE060;Strompreise für Haushalte;e
61243;Durchschnittspreise für Strom und Gas;JAHR;Jahr;2020;DINSG;Deutschland insgesamt;DG;Deutschland;PREKO1;Preisbestandteile;KOS-NETZ;Netzkosten;VBRST1;Strom-Jahresverbrauchsklassen Haushalte;HH-STR-DE;15 000 KWh und mehr;0,0579;EUR/kWh;PRE060;Strompreise für Haushalte;e
61243;Durchschnittspreise für Strom und Gas;JAHR;Jahr;2020;DINSG;Deutschland insgesamt;DG;Deutschland;PREKO1;Preisbestandteile;ENR-VTB;Energie und Vertrieb;VBRST1;Strom-Jahresverbrauchsklassen Haushalte;HH-STR-DD;5 000 bis unter 15 000 KWh;0,0577;EUR/kWh;PRE060;Strompreise für Haushalte;e
61243;Durchschnittspreise für Strom und Gas;JAHR;Jahr;2019;DINSG;Deutschland insgesamt;DG;Deutschland;PREKO1;Preisbestandteile;STR-ABG-UML;Steuern, Abgaben und Umlagen;VBRST1;Strom-Jahresverbrauchsklassen Haushalte;HH-STR-DE;15 000 KWh und mehr;0,1432;EUR/kWh;PRE060;Strompreise für Haushalte;e
61243;Durchschnittspreise für Strom und Gas;JAHR;Jahr;2024;DINSG;Deutschland insgesamt;DG;Deutschland;PREKO1;Preisbestandteile;KOS-NETZ;Netzkosten;VBRST1;Strom-Jahresverbrauchsklassen Haushalte;HH-STR-DE;15 000 KWh und mehr;0,0827;EUR/kWh;PRE060;Strompreise für Haushalte;e
61243;Durchschnittspreise für Strom und Gas;JAHR;Jahr;2021;DINSG;Deutschland insgesamt;DG;Deutschland;PREKO1;Preisbestandteile;ENR-VTB;Energie und Vertrieb;VBRST1;Strom-Jahresverbrauchsklassen Haushalte;HH-STR-DB;1 000 bis unter 2 500 KWh;0,0914;EUR/kWh;PRE060;Strompreise für Haushalte;e
61243;Durchschnittspreise für Strom und Gas;JAHR;Jahr;2023;DINSG;Deutschland insgesamt;DG;Deutschland;PREKO1;Preisbestandteile;ENR-VTB;Energie und Vertrieb;VBRST1;Strom-Jahresverbrauchsklassen Haushalte;HH-STR-DB;1 000 bis unter 2 500 KWh;0,2138;EUR/kWh;PRE060;Strompreise für Haushalte;e
61243;Durchschnittspreise für Strom und Gas;JAHR;Jahr;2024;DINSG;Deutschland insgesamt;DG;Deutschland;PREKO1;Preisbestandteile;ENR-VTB;Energie und Vertrieb;VBRST1;Strom-Jahresverbrauchsklassen Haushalte;HH-STR-DD;5 000 bis unter 15 000 KWh;0,164;EUR/kWh;PRE060;Strompreise für Haushalte;e
61243;Durchschnittspreise für Strom und Gas;JAHR;Jahr;2022;DINSG;Deutschland insgesamt;DG;Deutschland;PREKO1;Preisbestandteile;ENR-VTB;Energie und Vertrieb;VBRST1;Strom-Jahresverbrauchsklassen Haushalte;HH-STR-DD;5 000 bis unter 15 000 KWh;0,1214;EUR/kWh;PRE060;Strompreise für Haushalte;e
61243;Durchschnittspreise für Strom und Gas;JAHR;Jahr;2019;DINSG;Deutschland insgesamt;DG;Deutschland;PREKO1;Preisbestandteile;STR-ABG-UML;Steuern, Abgaben und Umlagen;VBRST1;Strom-Jahresverbrauchsklassen Haushalte;HH-STR-DA;unter 1 000 KWh;0,1837;EUR/kWh;PRE060;Strompreise für Haushalte;e
61243;Durchschnittspreise für Strom und Gas;JAHR;Jahr;2019;DINSG;Deutschland insgesamt;DG;Deutschland;PREKO1;Preisbestandteile;ENR-VTB;Energie und Vertrieb;VBRST1;Strom-Jahresverbrauchsklassen Haushalte;HH-STR-DE;15 000 KWh und mehr;0,0492;EUR/kWh;PRE060;Strompreise für Haushalte;e
61243;Durchschnittspreise für Strom und Gas;JAHR;Jahr;2019;DINSG;Deutschland insgesamt;DG;Deutschland;PREKO1;Preisbestandteile;ENR-VTB;Energie und Vertrieb;VBRST1;Strom-Jahresverbrauchsklassen Haushalte;HH-STR-DA;unter 1 000 KWh;0,0925;EUR/kWh;PRE060;Strompreise für Haushalte;e
61243;Durchschnittspreise für Strom und Gas;JAHR;Jahr;2024;DINSG;Deutschland insgesamt;DG;Deutschland;PREKO1;Preisbestandteile;STR-ABG-UML;Steuern, Abgaben und Umlagen;VBRST1;Strom-Jahresverbrauchsklassen Haushalte;HH-STR-DA;unter 1 000 KWh;0,1478;EUR/kWh;PRE060;Strompreise für Haushalte;e
61243;Durchschnittspreise für Strom und Gas;JAHR;Jahr;2022;DINSG;Deutschland insgesamt;DG;Deutschland;PREKO1;Preisbestandteile;KOS-NETZ;Netzkosten;VBRST1;Strom-Jahresverbrauchsklassen Haushalte;HH-STR-DA;unter 1 000 KWh;0,1663;EUR/kWh;PRE060;Strompreise für Haushalte;e
61243;Durchschnittspreise für Strom und Gas;JAHR;Jahr;2024;DINSG;Deutschland insgesamt;DG;Deutschland;PREKO1;Preisbestandteile;KOS-NETZ;Netzkosten;VBRST1;Strom-Jahresverbrauchsklassen Haushalte;HH-STR-DA;unter 1 000 KWh;0,2215;EUR/kWh;PRE060;Strompreise für Haushalte;e
61243;Durchschnittspreise für Strom und Gas;JAHR;Jahr;2024;DINSG;Deutschland insgesamt;DG;Deutschland;PREKO1;Preisbestandteile;STR-ABG-UML;Steuern, Abgaben und Umlagen;VBRST1;Strom-Jahresverbrauchsklassen Haushalte;HH-STR-DE;15 000 KWh und mehr;0,1031;EUR/kWh;PRE060;Strompreise für Haushalte;e
61243;Durchschnittspreise für Strom und Gas;JAHR;Jahr;2020;DINSG;Deutschland insgesamt;DG;Deutschland;PREKO1;Preisbestandteile;STR-ABG-UML;Steuern, Abgaben und Umlagen;VBRST1;Strom-Jahresverbrauchsklassen Haushalte;HH-STR-DA;unter 1 000 KWh;0,1849;EUR/kWh;PRE060;Strompreise für Haushalte;e
61243;Durchschnittspreise für Strom und Gas;JAHR;Jahr;2022;DINSG;Deutschland insgesamt;DG;Deutschland;PREKO1;Preisbestandteile;KOS-NETZ;Netzkosten;VBRST1;Strom-Jahresverbrauchsklassen Haushalte;HH-STR-DE;15 000 KWh und mehr;0,0542;EUR/kWh;PRE060;Strompreise für Haushalte;e
61243;Durchschnittspreise für Strom und Gas;JAHR;Jahr;2023;DINSG;Deutschland insgesamt;DG;Deutschland;PREKO1;Preisbestandteile;STR-ABG-UML;Steuern, Abgaben und Umlagen;VBRST1;Strom-Jahresverbrauchsklassen Haushalte;HH-STR-DB;1 000 bis unter 2 500 KWh;0,1229;EUR/kWh;PRE060;Strompreise für Haushalte;e
61243;Durchschnittspreise für Strom und Gas;JAHR;Jahr;2024;DINSG;Deutschland insgesamt;DG;Deutschland;PREKO1;Preisbestandteile;STR-ABG-UML;Steuern, Abgaben und Umlagen;VBRST1;Strom-Jahresverbrauchsklassen Haushalte;;Insgesamt;0,1172;EUR/kWh;PRE060;Strompreise für Haushalte;e
61243;Durchschnittspreise für Strom und Gas;JAHR;Jahr;2022;DINSG;Deutschland insgesamt;DG;Deutschland;PREKO1;Preisbestandteile;STR-ABG-UML;Steuern, Abgaben und Umlagen;VBRST1;Strom-Jahresverbrauchsklassen Haushalte;HH-STR-DC;2 500 bis unter 5 000 KWh;0,121;EUR/kWh;PRE060;Strompreise für Haushalte;e
61243;Durchschnittspreise für Strom und Gas;JAHR;Jahr;2023;DINSG;Deutschland insgesamt;DG;Deutschland;PREKO1;Preisbestandteile;KOS-NETZ;Netzkosten;VBRST1;Strom-Jahresverbrauchsklassen Haushalte;HH-STR-DB;1 000 bis unter 2 500 KWh;0,113;EUR/kWh;PRE060;Strompreise für Haushalte;e
61243;Durchschnittspreise für Strom und Gas;JAHR;Jahr;2021;DINSG;Deutschland insgesamt;DG;Deutschland;PREKO1;Preisbestandteile;KOS-NETZ;Netzkosten;VBRST1;Strom-Jahresverbrauchsklassen Haushalte;HH-STR-DD;5 000 bis unter 15 000 KWh;0,0632;EUR/kWh;PRE060;Strompreise für Haushalte;e
61243;Durchschnittspreise für Strom und Gas;JAHR;Jahr;2021;DINSG;Deutschland insgesamt;DG;Deutschland;PREKO1;Preisbestandteile;STR-ABG-UML;Steuern, Abgaben und Umlagen;VBRST1;Strom-Jahresverbrauchsklassen Haushalte;HH-STR-DC;2 500 bis unter 5 000 KWh;0,1634;EUR/kWh;PRE060;Strompreise für Haushalte;e
61243;Durchschnittspreise für Strom und Gas;JAHR;Jahr;2020;DINSG;Deutschland insgesamt;DG;Deutschland;PREKO1;Preisbestandteile;STR-ABG-UML;Steuern, Abgaben und Umlagen;VBRST1;Strom-Jahresverbrauchsklassen Haushalte;HH-STR-DD;5 000 bis unter 15 000 KWh;0,1545;EUR/kWh;PRE060;Strompreise für Haushalte;e
61243;Durchschnittspreise für Strom und Gas;JAHR;Jahr;2019;DINSG;Deutschland insgesamt;DG;Deutschland;PREKO1;Preisbestandteile;KOS-NETZ;Netzkosten;VBRST1;Strom-Jahresverbrauchsklassen Haushalte;HH-STR-DA;unter 1 000 KWh;0,1808;EUR/kWh;PRE060;Strompreise für Haushalte;e
61243;Durchschnittspreise für Strom und Gas;JAHR;Jahr;2019;DINSG;Deutschland insgesamt;DG;Deutschland;PREKO1;Preisbestandteile;KOS-NETZ;Netzkosten;VBRST1;Strom-Jahresverbrauchsklassen Haushalte;HH-STR-DE;15 000 KWh und mehr;0,0444;EUR/kWh;PRE060;Strompreise für Haushalte;e
61243;Durchschnittspreise für Strom und Gas;JAHR;Jahr;2020;DINSG;Deutschland insgesamt;DG;Deutschland;PREKO1;Preisbestandteile;KOS-NETZ;Netzkosten;VBRST1;Strom-Jahresverbrauchsklassen Haushalte;HH-STR-DD;5 000 bis unter 15 000 KWh;0,0715;EUR/kWh;PRE060;Strompreise für Haushalte;e
61243;Durchschnittspreise für Strom und Gas;JAHR;Jahr;2020;DINSG;Deutschland insgesamt;DG;Deutschland;PREKO1;Preisbestandteile;KOS-NETZ;Netzkosten;VBRST1;Strom-Jahresverbrauchsklassen Haushalte;;Insgesamt;0,0894;EUR/kWh;PRE060;Strompreise für Haushalte;e
61243;Durchschnittspreise für Strom und Gas;JAHR;Jahr;2019;DINSG;Deutschland insgesamt;DG;Deutschland;PREKO1;Preisbestandteile;STR-ABG-UML;Steuern, Abgaben und Umlagen;VBRST1;Strom-Jahresverbrauchsklassen Haushalte;HH-STR-DD;5 000 bis unter 15 000 KWh;0,1504;EUR/kWh;PRE060;Strompreise für Haushalte;e
61243;Durchschnittspreise für Strom und Gas;JAHR;Jahr;2020;DINSG;Deutschland insgesamt;DG;Deutschland;PREKO1;Preisbestandteile;ENR-VTB;Energie und Vertrieb;VBRST1;Strom-Jahresverbrauchsklassen Haushalte;HH-STR-DC;2 500 bis unter 5 000 KWh;0,0574;EUR/kWh;PRE060;Strompreise für Haushalte;e
61243;Durchschnittspreise für Strom und Gas;JAHR;Jahr;2023;DINSG;Deutschland insgesamt;DG;Deutschland;PREKO1;Preisbestandteile;ENR-VTB;Energie und Vertrieb;VBRST1;Strom-Jahresverbrauchsklassen Haushalte;HH-STR-DC;2 500 bis unter 5 000 KWh;0,1992;EUR/kWh;PRE060;Strompreise für Haushalte;e
61243;Durchschnittspreise für Strom und Gas;JAHR;Jahr;2024;DINSG;Deutschland insgesamt;DG;Deutschland;PREKO1;Preisbestandteile;ENR-VTB;Energie und Vertrieb;VBRST1;Strom-Jahresverbrauchsklassen Haushalte;HH-STR-DC;2 500 bis unter 5 000 KWh;0,1654;EUR/kWh;PRE060;Strompreise für Haushalte;e
61243;Durchschnittspreise für Strom und Gas;JAHR;Jahr;2022;DINSG;Deutschland insgesamt;DG;Deutschland;PREKO1;Preisbestandteile;ENR-VTB;Energie und Vertrieb;VBRST1;Strom-Jahresverbrauchsklassen Haushalte;HH-STR-DC;2 500 bis unter 5 000 KWh;0,1303;EUR/kWh;PRE060;Strompreise für Haushalte;e
61243;Durchschnittspreise für Strom und Gas;JAHR;Jahr;2024;DINSG;Deutschland insgesamt;DG;Deutschland;PREKO1;Preisbestandteile;KOS-NETZ;Netzkosten;VBRST1;Strom-Jahresverbrauchsklassen Haushalte;HH-STR-DD;5 000 bis unter 15 000 KWh;0,0909;EUR/kWh;PRE060;Strompreise für Haushalte;e
61243;Durchschnittspreise für Strom und Gas;JAHR;Jahr;2021;DINSG;Deutschland insgesamt;DG;Deutschland;PREKO1;Preisbestandteile;ENR-VTB;Energie und Vertrieb;VBRST1;Strom-Jahresverbrauchsklassen Haushalte;HH-STR-DC;2 500 bis unter 5 000 KWh;0,0803;EUR/kWh;PRE060;Strompreise für Haushalte;e
61243;Durchschnittspreise für Strom und Gas;JAHR;Jahr;2019;DINSG;Deutschland insgesamt;DG;Deutschland;PREKO1;Preisbestandteile;ENR-VTB;Energie und Vertrieb;VBRST1;Strom-Jahresverbrauchsklassen Haushalte;HH-STR-DB;1 000 bis unter 2 500 KWh;0,0683;EUR/kWh;PRE060;Strompreise für Haushalte;e
61243;Durchschnittspreise für Strom und Gas;JAHR;Jahr;2022;DINSG;Deutschland insgesamt;DG;Deutschland;PREKO1;Preisbestandteile;KOS-NETZ;Netzkosten;VBRST1;Strom-Jahresverbrauchsklassen Haushalte;HH-STR-DB;1 000 bis unter 2 500 KWh;0,0976;EUR/kWh;PRE060;Strompreise für Haushalte;e
61243;Durchschnittspreise für Strom und Gas;JAHR;Jahr;2024;DINSG;Deutschland insgesamt;DG;Deutschland;PREKO1;Preisbestandteile;STR-ABG-UML;Steuern, Abgaben und Umlagen;VBRST1;Strom-Jahresverbrauchsklassen Haushalte;HH-STR-DD;5 000 bis unter 15 000 KWh;0,1064;EUR/kWh;PRE060;Strompreise für Haushalte;e
61243;Durchschnittspreise für Strom und Gas;JAHR;Jahr;2023;DINSG;Deutschland insgesamt;DG;Deutschland;PREKO1;Preisbestandteile;STR-ABG-UML;Steuern, Abgaben und Umlagen;VBRST1;Strom-Jahresverbrauchsklassen Haushalte;HH-STR-DA;unter 1 000 KWh;0,1441;EUR/kWh;PRE060;Strompreise für Haushalte;e
61243;Durchschnittspreise für Strom und Gas;JAHR;Jahr;2023;DINSG;Deutschland insgesamt;DG;Deutschland;PREKO1;Preisbestandteile;KOS-NETZ;Netzkosten;VBRST1;Strom-Jahresverbrauchsklassen Haushalte;HH-STR-DC;2 500 bis unter 5 000 KWh;0,0937;EUR/kWh;PRE060;Strompreise für Haushalte;e
61243;Durchschnittspreise für Strom und Gas;JAHR;Jahr;2020;DINSG;Deutschland insgesamt;DG;Deutschland;PREKO1;Preisbestandteile;ENR-VTB;Energie und Vertrieb;VBRST1;Strom-Jahresverbrauchsklassen Haushalte;;Insgesamt;0,0659;EUR/kWh;PRE060;Strompreise für Haushalte;e
61243;Durchschnittspreise für Strom und Gas;JAHR;Jahr;2023;DINSG;Deutschland insgesamt;DG;Deutschland;PREKO1;Preisbestandteile;STR-ABG-UML;Steuern, Abgaben und Umlagen;VBRST1;Strom-Jahresverbrauchsklassen Haushalte;HH-STR-DE;15 000 KWh und mehr;0,0986;EUR/kWh;PRE060;Strompreise für Haushalte;e
61243;Durchschnittspreise für Strom und Gas;JAHR;Jahr;2022;DINSG;Deutschland insgesamt;DG;Deutschland;PREKO1;Preisbestandteile;STR-ABG-UML;Steuern, Abgaben und Umlagen;VBRST1;Strom-Jahresverbrauchsklassen Haushalte;HH-STR-DB;1 000 bis unter 2 500 KWh;0,1279;EUR/kWh;PRE060;Strompreise für Haushalte;e
